{
  "1": {
    "train": [
      0.1137703098493683,
      0.013098690018737483,
      0.0005902925599510875,
      2.1771932099688776e-05,
      7.947796178115245e-07,
      2.22185055687265e-08,
      4.6565129289215383e-10,
      7.460001857673692e-12,
      7.627631084164157e-14,
      5.7146529199638435e-16,
      2.9150772829474412e-18,
      1.2819881490209718e-20,
      4.0347031941767004e-23,
      1.2683049254415612e-25,
      3.158488047112089e-28,
      8.486916493174086e-31,
      2.121857915943169e-33,
      8.096564061687659e-36,
      2.2668534811930783e-38,
      1.8088420120971715e-40,
      2.02289282540243e-43,
      1.1411309185586286e-45,
      0.0,
      0.0,
      0.0,
      0.0,
      0.0,
      0.0,
      0.0,
      0.0
    ],
    "test": [
      1.4636231683621047e-17,
      1.440905753272351e-42,
      0.0
    ]
  }
}