{
  "0.1": {
    "10": 0.4574923384186404,
    "20": 0.4409470282178216,
    "30": 0.4484947347099021,
    "40": 0.4443216136397711,
    "50": 0.41208966681088804,
    "60": 0.4063929898294761,
    "70": 0.4101280689191687,
    "80": 0.3667907620192419
  },
  "0.01": {
    "10": 0.5023978194138252,
    "20": 0.4989443987187964,
    "30": 0.5430888180949061,
    "40": 0.5002946860073098,
    "50": 0.5030762616309139,
    "60": 0.4920831803222039,
    "70": 0.4957820755853673,
    "80": 0.5070096671152838
  },
  "0.0001": {
    "10": 0.4908675872302293,
    "20": 0.5335847826992549,
    "30": 0.5277725799594397,
    "40": 0.5726856158763686,
    "50": 0.5605856904209253,
    "60": 0.596038773444315,
    "70": 0.6087772912435766,
    "80": 0.5712728163399284
  },
  "1e-08": {
    "10": 0.5347163449143137,
    "20": 0.547840999787523,
    "30": 0.5476245144221773,
    "40": 0.5616257828004974,
    "50": 0.5429247518599009,
    "60": 0.5611128201686784,
    "70": 0.5698486738956897,
    "80": 0.594173566350566
  },
  "1e-16": {
    "10": 0.5048879330739919,
    "20": 0.5242983324935014,
    "30": 0.5290849347712208,
    "40": 0.5302209688880843,
    "50": 0.5239360464952625,
    "60": 0.548410190597735,
    "70": 0.5286806985793616,
    "80": 0.5493961101917558
  }
}