{
  "reduce_on_plateau": {
    "10": 0.576130634767619,
    "20": 0.5793031940878348,
    "30": 0.5893635133018332,
    "40": 0.6176639384446116,
    "50": 0.5892407819804436,
    "60": 0.5999732512816579,
    "70": 0.5828745616257242,
    "80": 0.5941378208053432
  },
  "cosine": {
    "10": 0.5413261538083634,
    "20": 0.5741238915400287,
    "30": 0.5841444755641022,
    "40": 0.5753195129722142,
    "50": 0.6012695958362382,
    "60": 0.6119478316572468,
    "70": 0.5931148548321081,
    "80": 0.6144384349693149
  },
  "step": {
    "10": 0.5218565886548412,
    "20": 0.4973803547057405,
    "30": 0.5272822515214777,
    "40": 0.4868255800988708,
    "50": 0.5097469793933066,
    "60": 0.4925161550121689,
    "70": 0.48867105365732927,
    "80": 0.4777664006196437
  }
}