{
  "0.1": {
    "10": 0.44904720571498935,
    "20": 0.45284937314654883,
    "30": 0.45595465926294265,
    "40": 0.46635936886245666,
    "50": 0.4840097947473691,
    "60": 0.49273816177974594,
    "70": 0.48057115511210513,
    "80": 0.47415633204028856
  },
  "0.01": {
    "10": 0.5683006780930873,
    "20": 0.5365844814066573,
    "30": 0.5396826202672665,
    "40": 0.558215341590561,
    "50": 0.5716434003797927,
    "60": 0.5739468781721069,
    "70": 0.5843791454540245,
    "80": 0.588892206559598
  },
  "0.0001": {
    "10": 0.555870678784789,
    "20": 0.5296286970676047,
    "30": 0.5704020138365864,
    "40": 0.5653485975451276,
    "50": 0.5729621412547192,
    "60": 0.5669454187258615,
    "70": 0.5711691092508272,
    "80": 0.5828677601272482
  },
  "1e-08": {
    "10": 0.5711539680381329,
    "20": 0.5808489103416176,
    "30": 0.6016090217942192,
    "40": 0.5841317036283747,
    "50": 0.6045219995266512,
    "60": 0.6197246403786723,
    "70": 0.5998515860606115,
    "80": 0.6226754298857194
  },
  "1e-16": {
    "10": 0.5545735850622363,
    "20": 0.5541830178465516,
    "30": 0.5641411809482476,
    "40": 0.5597845158961197,
    "50": 0.5465445717125463,
    "60": 0.5726536888983574,
    "70": 0.5568829401969628,
    "80": 0.5557770734038172
  }
}