{
  "nadam": {
    "10": 2.0095367862429734e-40,
    "20": 0.0,
    "30": 0.0,
    "40": 0.0,
    "50": 0.0,
    "60": 0.0
  },
  "lamb": {
    "10": 2.8489273114409822e-05,
    "20": 2.6788299375480523e-05,
    "30": 2.3540540639536057e-05,
    "40": 2.272148788945875e-05,
    "50": 1.9829920756308823e-05,
    "60": 2.9408403289186497e-05
  },
  "adamw": {
    "10": 0.00010017279004223587,
    "20": 7.247086720392903e-06,
    "30": 3.294708960127312e-06,
    "40": 8.976108634999363e-07,
    "50": 3.9459010345330825e-07,
    "60": 7.329372733003377e-07
  },
  "adam": {
    "10": 3.76602898518936e-43,
    "20": 0.0,
    "30": 0.0,
    "40": 0.0,
    "50": 0.0,
    "60": 0.0
  }
}