{
  "0.05": {
    "10": 3.990367079782248e-13,
    "20": 0.0004383876397839507,
    "30": 0.0003330013812833539,
    "40": 0.000490102437887278,
    "50": 0.0002524605026766867,
    "60": 0.0008233336213808715
  },
  "0.01": {
    "10": 2.7830717286639336e-38,
    "20": 0.0,
    "30": 0.0,
    "40": 0.0,
    "50": 0.0,
    "60": 0.0
  },
  "0.005": {
    "10": 1.1031975871865903e-26,
    "20": 0.0,
    "30": 0.0,
    "40": 0.0,
    "50": 0.0,
    "60": 0.0
  },
  "0.001": {
    "10": 8.066452368582125e-06,
    "20": 6.404980409537842e-13,
    "30": 2.3847331345361333e-19,
    "40": 1.1148534294552665e-25,
    "50": 5.569681460926274e-32,
    "60": 2.8196628183405917e-38
  }
}