{
  "0.05": {
    "10": 0.5767128399983018,
    "20": 0.6022704696735915,
    "30": 0.5760345183250883,
    "40": 0.6072160141964165,
    "50": 0.6138049210346539,
    "60": 0.6097676367792016,
    "70": 0.6302076460186264,
    "80": 0.6094130551770521
  },
  "0.07": {
    "10": 0.4737013219308892,
    "20": 0.5048362422758995,
    "30": 0.49404136294452056,
    "40": 0.5174842581698327,
    "50": 0.5218304920791849,
    "60": 0.528054601472851,
    "70": 0.5346657327366412,
    "80": 0.5374109831061438
  },
  "0.1": {
    "10": 0.5389024230352467,
    "20": 0.5670707928054528,
    "30": 0.5777643857959085,
    "40": 0.5817198891157138,
    "50": 0.5299961792596026,
    "60": 0.5596756069990725,
    "70": 0.573860517921658,
    "80": 0.5681089574280851
  },
  "0.2": {
    "10": 0.5313745372720475,
    "20": 0.5456343923789642,
    "30": 0.5495678691245899,
    "40": 0.5442059956071423,
    "50": 0.547071884266346,
    "60": 0.5566996678948346,
    "70": 0.5515589565716305,
    "80": 0.5877939623563838
  },
  "0.3": {
    "10": 0.5225477116570788,
    "20": 0.5399987689736401,
    "30": 0.524547909474624,
    "40": 0.5330568604026215,
    "50": 0.534164250002542,
    "60": 0.529715801904723,
    "70": 0.5331005920121136,
    "80": 0.5429219153601301
  },
  "0.4": {
    "10": 0.5876821164612644,
    "20": 0.5701399211532024,
    "30": 0.5904887457583982,
    "40": 0.591750202216208,
    "50": 0.5863209531893859,
    "60": 0.5890929484800194,
    "70": 0.5902663551679982,
    "80": 0.5811330002945193
  },
  "0.5": {
    "10": 0.4515864174181106,
    "20": 0.456170127728597,
    "30": 0.46597846784007985,
    "40": 0.47618218369796544,
    "50": 0.4739143158152849,
    "60": 0.47273170615932897,
    "70": 0.4598686543229408,
    "80": 0.46616012729190354
  }
}